user_id,group
23557,1
94883,2
101486,2
101961,3
118043,3
120851,1
125845,4
133058,1
149058,3
152583,1
153982,4
160754,1
164522,1
174997,2
175032,0
181157,3
187212,2
189676,0
190866,3
195192,1
204943,3
204997,2
205044,0
206011,3
217136,2
220725,2
224996,2
226367,2
228872,4
229009,2
229330,3
232647,2
249521,2
252835,3
264470,2
276512,1
281952,2
283325,2
290123,3
297546,3
298253,1
299476,1
306819,2
312488,1
313724,3
316527,3
317688,3
322867,1
324191,2
328590,0
330764,2
330893,2
334787,2
338086,2
340166,1
343928,0
347778,3
348817,3
349132,0
353271,1
353694,2
354050,3
354260,2
354311,2
354950,1
356046,2
357737,3
359072,2
359080,3
359653,2
361459,1
361759,3
363535,2
365825,1
371201,1
372970,2
373489,0
374331,1
374340,0
374341,2
375729,4
375751,4
376159,2
377411,2
378565,3
379543,2
380434,2
380436,1
380757,2
380874,2
380949,3
381259,1
381465,4
382181,2
382384,1
385689,3
386255,1
386914,2
387282,1
387783,2
388328,3
388767,1
388947,4
389434,3
389662,2
389759,4
390811,4
392453,1
395202,1
395981,2
396552,3
399137,3
399218,2
399799,3
400275,4
400582,3
400899,4
401245,2
402332,2
402978,3
403881,3
404879,3
405305,2
406210,0
407118,2
407250,3
407275,3
407434,1
407642,4
408551,2
409073,4
411179,2
411701,2
413128,3
413340,2
413418,2
413658,2
414128,3
415282,0
415381,2
415581,2
416319,2
416580,3
417679,3
418329,2
418488,3
418692,0
420648,2
420669,2
421247,3
421515,4
421666,2
421700,2
421870,0
422066,3
423042,3
423413,1
424553,2
425632,2
425953,3
425966,2
426478,1
427426,2
427506,2
428056,3
428552,2
428858,4
429345,1
429375,4
430722,2
431144,4
431337,2
431602,0
431746,0
431912,1
432333,4
432637,4
432941,3
433080,3
433339,4
433905,1
434238,2
434623,2
435231,2
435596,2
435669,2
435837,1
435882,2
436320,4
436894,2
437069,3
437162,2
437251,2
437539,3
437549,2
438189,3
438406,3
438551,2
438596,2
438839,2
438937,4
438985,2
439052,3
439120,2
439363,3
440212,1
440655,2
441200,2
441205,4
441448,1
441457,2
441982,3
442484,2
442718,3
442812,1
442819,1
442833,3
443305,1
443453,3
443598,2
443652,3
444387,2
444885,1
445351,3
445515,4
446124,3
446138,2
446473,2
446933,3
447053,4
447591,1
447737,2
447951,2
448025,1
448154,0
448295,2
448467,1
448564,3
449033,3
449326,2
449619,2
449804,4
450164,3
450193,2
450305,2
450615,3
451291,3
452034,2
452532,2
452594,3
452612,2
453143,3
453168,3
454264,1
454430,0
454616,1
454661,2
454920,3
454934,2
454955,1
456226,3
456318,1
456663,2
456671,1
457468,3
457599,3
458479,4
458688,4
458762,2
458814,3
458855,2
458919,4
459229,3
459486,4
459645,0
460072,4
460181,2
460553,2
460625,3
461559,3
461744,2
461791,2
462127,4
462456,3
462894,1
463652,1
463698,3
463783,2
463867,2
463910,3
464080,1
464160,2
464239,2
464542,1
464597,1
464614,4
464673,0
464782,2
464855,2
465138,3
465343,0
465531,2
465568,1
465731,2
466205,3
466342,1
466723,2
467007,0
467339,2
467809,2
467892,3
468106,3
468370,4
468409,3
468666,2
468801,2
468808,3
468832,3
469237,1
469440,2
469464,0
469699,4
469767,3
469824,2
471077,3
471161,4
471186,4
471500,2
471565,2
471649,1
471687,3
471717,2
471935,2
471946,1
472394,2
472446,2
472614,4
472713,3
472785,2
472966,2
473332,3
473343,2
473402,0
473467,3
473568,1
473712,3
473847,0
474007,1
474120,4
474261,2
474384,3
474464,0
474546,3
474951,3
474980,2
475060,2
475130,3
475467,2
475531,3
476081,3
476104,3
476124,2
476173,1
476270,2
476393,2
476436,4
476535,3
476665,3
476693,3
476714,3
476742,2
476956,2
477285,2
477316,3
477597,2
477730,3
477805,1
478003,2
478146,4
478188,2
478228,0
478291,2
478533,1
478585,3
478760,1
478801,2
479071,3
479078,1
479101,1
479254,2
480313,2
480331,2
480690,3
480796,2
480877,3
480895,2
481050,4
481245,2
481292,3
481358,1
481554,3
481622,3
481772,2
482264,3
482335,1
482424,3
482548,2
482602,3
482621,0
482630,2
482744,3
483224,4
483237,3
483345,3
483480,3
483483,2
483525,1
483603,3
483928,3
483982,2
484249,2
484418,2
484987,3
485149,2
485260,2
485505,2
485544,3
485591,3
485658,4
485780,2
485785,2
485891,2
485894,2
486046,1
486113,2
486191,1
486261,0
486270,4
486366,2
486454,2
486605,1
486671,3
486751,0
486823,0
487002,1
487036,1
487040,4
487101,3
487276,3
487352,2
487453,3
487637,2
487680,0
487715,3
487858,2
487954,3
488009,2
488246,1
488314,2
488410,2
488462,3
488480,2
488511,2
488529,0
488672,3
488827,3
488865,2
488870,4
488918,3
488974,2
489096,2
489575,3
489635,3
489661,1
489730,2
489785,2
489802,1
489844,2
489852,0
489949,0
489953,3
489992,0
490040,0
490107,3
490133,3
490201,2
490348,1
490358,2
490517,2
490576,2
490608,4
490629,4
490671,3
491003,4
491124,3
491141,3
491175,3
491182,3
491241,2
491266,4
491559,4
491597,0
491617,3
491706,2
491772,3
491925,3
491930,0
492209,3
492211,1
492287,0
492371,2
492999,1
493177,3
493409,3
493476,1
493718,3
494294,3
494374,2
494382,3
494463,3
494484,0
494590,3
494630,1
494680,3
494704,3
494985,3
495029,2
495042,3
495080,1
495272,2
495273,3
495386,2
495482,3
495603,3
495727,3
496016,3
496273,3
496286,0
496332,3
496382,3
496408,3
496566,3
496899,1
496972,2
497042,3
497077,4
497108,2
497225,3
497475,0
497615,2
497678,4
497680,2
497829,2
497915,3
498154,2
498199,2
498287,3
498298,2
498357,3
498363,4
498500,2
498574,3
498607,2
498665,3
498857,2
498931,2
499028,2
499038,3
499252,4
499313,1
499366,3
499375,3
499379,2
499461,2
499475,2
499633,3
499634,4
499659,1
499669,1
499751,3
499810,2
499847,2
499969,1
499979,3
499990,0
500078,2
500196,2
500243,1
500257,2
500299,1
500493,2
500532,1
500646,2
500745,3
500773,3
500791,1
500828,2
500972,0
500974,3
501087,2
501125,2
501184,3
501322,3
501344,1
501436,4
501512,2
501735,2
501764,2
501794,3
501817,0
501830,2
501897,1
501947,2
502063,1
502145,3
502210,2
502212,1
502353,3
502412,2
502435,2
502444,3
502609,3
502626,2
502799,3
502826,2
502847,3
502875,2
503042,1
503058,2
503126,1
503277,2
503342,2
503418,3
503621,4
503760,3
503928,2
503945,2
503973,3
504081,2
504133,0
504240,3
504299,2
504320,4
504371,0
504435,3
504473,2
504610,0
504665,2
504669,4
504786,4
504859,2
504892,4
504936,4
504945,3
505062,2
505066,1
505172,4
505230,2
505285,3
505289,2
505358,2
505414,2
505498,2
505617,0
505667,2
505680,3
505713,3
505747,2
505771,3
505854,3
505916,3
505933,2
505941,2
506013,3
506130,3
506186,4
506234,3
506250,2
506427,3
506611,2
506652,2
506675,3
506704,2
506777,4
506807,3
506828,1
506837,2
506858,2
507036,4
507133,0
507207,1
507273,3
507376,0
507395,4
507431,3
507435,3
507505,2
507531,1
507557,2
507573,2
507617,2
507728,2
507732,3
507753,1
507759,2
507773,2
507805,3
508050,3
508096,2
508144,2
508153,0
508240,2
508360,4
508367,3
508497,2
508512,1
508546,2
508625,2
508693,4
508713,1
508731,3
508829,2
508848,4
508849,3
508857,3
508860,2
508866,2
508877,3
508891,2
508892,2
508901,2
508912,2
508917,2
508923,2
508938,4
508940,3
508944,4
508946,3
508973,0
509024,1
509036,4
509052,1
509061,4
509069,3
509098,0
509115,3
509119,2
509157,2
509160,2
509162,1
509202,2
509221,3
509242,4
509272,1
509278,0
509282,3
509302,2
509316,3
509324,2
509341,2
509346,2
509353,0
509354,3
509359,3
509411,3
509413,2
509414,0
509419,3
509421,4
509435,3
509445,3
509453,2
509454,2
509459,1
509467,0
509498,0
509515,2
509516,4
509530,3
509552,2
509598,2
509603,4
509626,0
509635,2
509638,1
509645,4
509681,3
509712,2
509713,2
509717,3
509749,3
509763,3
509765,3
509781,0
509822,2
509826,1
509841,0
509892,1
509903,3
509919,2
509933,2
509969,1
509990,1
510003,0
510022,2
510044,2
510048,2
510061,3
510067,3
510070,0
510078,2
510079,4
510081,4
510090,1
510093,3
510094,1
510104,2
510108,4
510112,1
510114,3
510134,3
510155,3
510156,3
510163,3
510164,2
510170,2
510172,2
510179,0
510185,3
510188,2
510195,3
510198,2
510213,3
510215,2
510219,4
510227,2
510238,2
510239,2
510243,2
510257,0
510270,1
510315,4
510316,1
510326,3
510328,3
510343,3
510356,2
510365,3
510369,2
510379,1
510393,1
510423,2
510449,3
510452,3
510459,2
510490,1
510494,3
510511,2
510533,1
510537,3
510545,1
510558,2
510570,3
510571,0
510580,2
510582,2
510585,0
510586,3
510610,1
510618,2
510676,4
510686,4
510694,4
510700,2
510707,2
510719,1
510733,2
510754,3
510779,3
510805,2
510815,3
510822,3
510836,3
510841,3
510890,3
510899,2
510944,3
510946,0
510953,4
510960,4
510961,3
510972,2
511017,1
511055,2
511066,4
511093,2
511122,2
511125,2
511126,3
511140,4
511142,2
511145,2
511148,2
511160,2
511178,3
511195,2
511208,2
511219,1
511223,2
511260,2
511298,3
511314,0
511326,2
511328,2
511331,3
511364,4
511377,1
511379,2
511397,3
511398,3
511399,2
511418,2
511424,2
511433,3
511440,2
511455,2
511469,2
511489,0
511502,2
511504,2
511535,2
511542,0
511549,2
511554,2
511560,3
511567,3
511568,0
511570,4
511577,2
511578,3
511587,2
511589,1
511608,1
511609,2
511613,2
511638,2
511665,0
511666,2
511677,2
511680,3
511697,3
511712,2
511726,2
511739,0
511762,0
511764,1
511772,2
511778,4
511783,3
511800,3
511803,3
511805,3
511809,0
511811,2
511827,1
511851,2
511859,2
511860,3
511862,3
511884,3
511902,4
511910,1
511916,4
511923,2
511936,2
511943,2
511977,2
511996,2
511998,4
512009,2
512010,2
512016,1
512024,0
512028,2
512060,2
512063,4
512069,3
512078,2
512099,3
512103,2
512147,2
512148,1
512163,2
512173,0
512190,1
512193,1
512197,3
512201,3
512204,3
512243,4
512266,2
512271,3
512283,3
512289,2
512294,3
512295,3
512301,3
512302,2
512303,3
512305,1
512322,3
512329,3
512362,2
512377,2
512392,2
512402,1
512416,1
512418,0
512419,0
512440,4
512443,2
512447,0
512463,3
512495,3
512536,2
512552,2
512556,3
512558,0
512587,2
512589,3
512596,3
512598,3
512610,3
512628,3
512631,2
512655,3
512671,3
512677,1
512680,1
512691,2
512693,4
512695,3
512696,4
512704,1
512706,3
512780,2
512786,3
512787,3
512791,2
512801,3
512826,3
512831,3
512835,3
512846,3
512848,4
512880,2
512887,4
512888,2
512900,3
512904,3
512922,2
512943,2
512945,2
512974,4
512976,3
512984,2
512999,4
513004,3
513005,1
513006,0
513026,2
513030,2
513031,2
513058,3
513089,2
513090,0
513093,3
513096,2
513103,2
513126,3
513164,2
513216,3
513220,3
513221,0
513227,2
513233,2
513236,3
513237,4
513242,2
513259,2
513289,1
513296,4
513317,1
513322,2
513338,2
513339,0
513345,1
513347,1
513366,2
513381,2
513387,3
513397,3
513402,1
513408,0
513422,2
513438,4
513495,2
513497,2
513509,2
513543,1
513555,3
513568,0
513569,2
513582,2
513611,2
513613,2
513620,4
513625,0
513627,2
513628,4
513638,3
513659,4
513661,1
513683,4
513714,1
513721,3
513761,2
513776,2
513787,3
513791,3
513796,0
513807,2
513826,3
513844,0
513853,2
513856,1
513860,2
513869,1
513875,0
513917,2
513926,3
513933,4
513953,2
513956,3
513964,3
513967,3
513995,3
514002,3
514003,2
514021,1
514023,2
514053,2
514071,2
514076,2
514113,2
514132,3
514133,2
514164,3
514167,4
514206,2
514208,1
514210,4
514215,4
514235,1
514261,2
514275,4
514300,2
514315,4
514318,3
514324,2
514337,3
514342,3
514344,3
514370,3
514384,0
514395,2
514457,3
514460,3
514461,2
514501,1
514503,1
514515,0
514526,3
514551,1
514586,4
514589,1
514617,3
514623,4
514627,4
514638,0
514660,3
514675,2
514682,3
514689,2
514737,3
514785,4
514810,2
514830,2
514867,2
514876,1
514892,3
514893,1
514899,3
514925,1
514926,2
514944,4
514951,0
514953,1
514980,3
514981,2
515004,4
515013,2
515020,4
515030,1
515051,3
515058,3
515060,2
515085,1
515103,2
515124,2
515131,3
515139,2
515161,2
515168,1
515182,3
515198,1
515200,4
515202,1
515229,3
515240,1
515243,3
515258,2
515271,2
515274,3
515306,3
515330,2
515344,3
515398,3
515409,4
515421,3
515423,4
515436,1
515478,2
515490,3
515502,1
515523,2
515529,2
515565,3
515578,3
515580,3
515586,3
515610,0
515639,3
515645,2
515666,3
515675,2
515684,3
515688,3
515694,3
515713,2
515727,3
515735,1
515739,2
515751,2
515764,2
515778,2
515802,3
515818,1
515831,2
515835,4
515854,4
515874,1
515891,3
515901,2
515908,4
515941,3
515947,2
515953,3
515974,2
515985,4
516001,1
516004,2
516006,3
516053,3
516057,2
516061,2
516086,1
516089,2
516092,3
516105,2
516117,2
516118,2
516132,2
516144,3
516150,1
516152,1
516176,3
516177,4
516178,2
516211,2
516216,3
516217,1
516246,3
516251,3
516269,3
516273,2
516282,2
516283,2
516287,2
516290,2
516296,2
516301,3
516340,1
516351,2
516375,3
516418,2
516420,2
516433,1
516456,3
516507,4
516516,1
516528,2
516543,0
516556,1
516561,2
516571,0
516578,3
516579,3
516590,2
516593,2
516594,3
516614,3
516616,3
516639,3
516647,3
516679,2
516682,2
516694,0
516697,1
516704,3
516732,2
516739,2
516744,1
516763,4
516789,3
516798,1
516806,3
516808,4
516827,3
516833,2
516841,1
516862,0
516933,2
516939,1
516965,3
516972,2
517033,2
517061,3
517064,4
517076,3
517105,4
517119,3
517131,2
517142,2
517143,1
517150,3
517158,2
517205,4
517212,3
517231,2
517284,3
517324,4
517330,1
517356,2
517370,2
517392,3
517393,1
517397,3
517403,3
517415,0
517438,3
517445,4
517467,2
517486,2
517491,3
517545,2
517548,2
517549,3
517571,4
517579,0
517581,4
517596,2
517633,3
517653,2
517674,0
517675,3
517676,3
517700,3
517715,2
517732,2
517735,2
517739,1
517743,3
517772,3
517776,2
517787,0
517803,3
517819,1
517825,3
517839,2
517847,3
517871,1
517894,2
517898,2
517925,0
517931,3
517961,0
517967,2
517968,3
518012,2
518015,3
518041,1
518044,3
518074,0
518084,0
518092,3
518121,2
518127,3
518135,2
518191,2
518196,2
518211,3
518219,2
518281,3
518324,3
518334,2
518338,3
518347,3
518348,2
518372,2
518393,2
518406,2
518416,4
518422,1
518443,2
518450,2
518480,3
518495,4
518516,2
518526,3
518527,3
518533,2
518535,4
518541,3
518567,1
518579,2
518582,0
518585,2
518612,3
518629,3
518639,1
518642,1
518694,2
518696,1
518711,2
518716,4
518722,3
518726,1
518735,1
518743,4
518747,0
518751,3
518756,2
518826,1
518827,3
518865,2
518866,2
518867,0
518870,2
518894,2
518896,2
518907,3
518922,1
518925,1
518954,2
518956,2
518963,2
518971,2
518998,2
519014,2
519059,2
519079,3
519089,0
519091,0
519096,2
519114,2
519117,3
519137,2
519140,3
519171,0
519191,1
519205,4
519210,3
519211,3
519248,0
519254,3
519260,2
519267,1
519285,3
519313,1
519335,1
519348,4
519353,1
519357,3
519368,1
519383,1
519392,2
519393,2
519412,2
519419,1
519430,4
519446,3
519469,2
519515,3
519529,1
519532,2
519541,2
519554,2
519595,3
519596,4
519604,2
519626,4
519631,3
519664,4
519694,3
519695,2
519706,1
519709,3
519718,2
519722,0
519725,2
519726,2
519747,3
519769,2
519774,2
519787,1
519799,3
519846,3
519848,3
519853,2
519859,3
519885,2
519888,3
519893,4
519896,0
519905,2
519911,3
519912,3
519955,2
519957,2
519961,2
519965,4
520054,1
520063,2
520097,3
520106,1
520141,2
520152,3
520170,0
520175,4
520177,3
520182,2
520188,4
520193,2
520225,3
520244,2
520248,3
520250,3
520256,3
520265,3
520277,2
520291,3
520298,2
520307,2
520311,3
520314,1
520327,2
520358,3
520373,2
520397,2
520405,1
520411,2
520422,2
520429,2
520436,3
520480,2
520491,3
520497,2
520527,2
520530,3
520532,3
520539,2
520556,3
520558,1
520619,2
520680,2
520696,2
520708,4
520719,3
520733,2
520745,2
520762,2
520770,3
520771,1
520783,2
520804,2
520819,2
520821,2
520844,2
520851,3
520861,2
520877,2
520878,3
520882,1
520885,3
520898,0
520902,3
520920,1
520934,0
520947,2
520959,1
521000,4
521004,3
521009,1
521031,3
521033,3
521044,3
521060,3
521065,2
521066,3
521070,3
521109,4
521127,3
521152,0
521170,0
521185,3
521186,2
521192,2
521201,1
521211,1
521212,2
521235,3
521250,4
521259,2
521282,2
521286,1
521293,3
521295,2
521298,0
521309,4
521316,2
521331,1
521335,2
521343,3
521379,2
521392,2
521404,3
521408,2
521416,2
521434,3
521462,2
521474,0
521491,3
521509,3
521510,2
521514,2
521587,3
521607,2
521609,2
521642,1
521657,2
521658,3
521695,3
521708,3
521719,1
521720,3
521743,3
521748,2
521768,2
521785,4
521814,3
521818,1
521859,3
521865,3
521883,0
521884,0
521885,2
521904,1
521921,0
521925,3
521941,2
521943,2
521956,3
521963,2
521986,2
521992,3
521997,3
522005,3
522062,3
522086,2
522111,2
522112,2
522115,2
522118,2
522152,2
522171,4
522179,2
522201,1
522223,3
522233,3
522237,3
522263,2
522265,3
522276,0
522286,2
522315,2
522323,3
522364,2
522373,2
522375,2
522387,1
522402,2
522426,3
522427,2
522438,3
522441,2
522445,2
522457,3
522465,3
522476,3
522484,3
522513,3
522523,1
522532,3
522533,2
522585,2
522607,2
522624,1
522631,1
522633,2
522634,3
522639,2
522654,2
522687,3
522738,0
522745,2
522748,3
522761,2
522788,4
522800,3
522809,1
522873,1
522898,0
522927,1
522937,3
522939,2
522943,1
522944,2
522970,3
522981,3
522999,2
523030,2
523073,2
523077,3
523090,2
523098,2
523146,3
523158,2
523209,3
523228,3
523231,3
523256,2
523271,2
523273,2
523290,4
523301,2
523335,2
523338,3
523392,4
523395,4
523442,3
523454,2
523465,2
523474,3
523484,3
523503,0
523505,3
523511,2
523513,4
523517,2
523526,0
523546,2
523559,2
523612,3
523619,2
523657,0
523666,3
523686,2
523690,3
523700,4
523710,2
523715,2
523717,3
523729,1
523735,0
523746,2
523756,3
523768,2
523771,0
523787,1
523800,2
523807,2
523819,3
523824,2
523841,2
523842,4
523845,3
523846,2
523860,0
523866,2
523877,3
523887,1
523913,3
523938,0
523981,3
524001,3
524012,4
524031,3
524036,2
524038,3
524043,3
524046,0
524052,2
524057,1
524076,2
524080,3
524116,3
524120,3
524151,2
524167,3
524169,2
524180,3
524194,4
524200,3
524211,2
524214,1
524226,3
524244,2
524251,2
524278,2
524313,4
524328,2
524358,0
524365,3
524383,1
524407,2
524412,3
524419,2
524448,2
524473,2
524484,0
524511,2
524572,2
524606,2
524607,3
524615,4
524620,2
524628,4
524637,2
524644,2
524650,2
524663,1
524668,3
524682,2
524722,2
524728,1
524739,4
524766,0
524805,4
524807,2
524821,2
524834,2
524842,1
524849,2
524861,3
524895,2
524909,2
524913,1
524923,2
524926,3
524929,3
524940,1
524980,4
525022,2
525034,2
525043,2
525053,2
525056,3
525081,3
525089,3
525102,3
525106,1
525168,2
525175,1
525176,1
525201,3
525212,2
525227,3
525234,2
525244,2
525265,4
525281,3
525308,4
525323,2
525332,3
525356,4
525389,0
525405,4
525410,3
525415,2
525447,3
525488,0
525515,3
525529,2
525546,3
525555,2
525591,3
525610,3
525611,3
525615,3
525631,0
525671,3
525684,3
525716,3
525722,3
525734,2
525761,1
525769,3
525789,3
525804,3
525806,2
525824,0
525842,2
525844,2
525848,1
525864,2
525879,3
525920,3
525975,3
525996,3
526062,3
526079,2
526084,2
526102,3
526144,3
526154,3
526174,2
526179,3
526184,1
526203,2
526206,4
526221,1
526235,0
526239,2
526256,3
526258,2
526297,3
526303,1
526308,3
526332,0
526354,3
526365,0
526367,2
526372,2
526378,3
526409,4
526431,3
526443,1
526445,2
526471,3
526490,2
526492,3
526495,2
526540,3
526565,2
526570,3
526628,3
526668,2
526676,2
526683,2
526690,4
526711,4
526727,2
526729,3
526759,1
526782,2
526789,3
526837,2
526855,3
526867,3
526872,1
526873,4
526900,2
526901,3
526905,3
526913,3
526925,2
526950,2
526959,2
526970,3
527001,1
527004,0
527019,2
527038,3
527046,2
527075,4
527081,2
527082,2
527109,3
527130,2
527132,4
527133,3
527141,3
527142,3
527150,4
527154,2
527158,0
527187,2
527197,0
527219,1
527232,2
527253,3
527280,2
527321,1
527326,0
527344,4
527346,0
527354,2
527359,1
527365,1
527389,1
527393,2
527396,2
527401,3
527406,2
527451,2
527452,0
527455,2
527464,3
527467,4
527470,2
527490,2
527507,3
527508,2
527518,1
527524,1
527536,0
527541,1
527552,1
527560,1
527564,3
527585,3
527605,2
527689,1
527690,3
527726,2
527735,1
527750,1
527782,2
527783,4
527824,3
527850,3
527857,1
527886,2
527928,2
527944,3
527984,3
527987,3
527995,2
528020,3
528028,3
528046,2
528061,0
528105,3
528122,3
528139,1
528158,2
528164,3
528179,1
528186,3
528193,2
528216,4
528242,2
528244,2
528248,2
528281,3
528322,3
528330,1
528354,4
528372,1
528378,1
528379,2
528411,3
528417,4
528421,3
528455,2
528490,3
528522,4
528528,1
528542,2
528567,3
528580,0
528612,2
528657,3
528661,2
528683,4
528688,1
528690,2
528706,2
528723,3
528735,4
528743,2
528744,3
528777,3
528816,3
528826,2
528827,3
528828,3
528829,3
528839,1
528842,2
528844,2
528906,1
528909,1
528929,2
528930,2
528942,3
528953,2
528965,2
528967,0
528995,2
528999,2
529019,3
529023,2
529048,1
529050,2
529082,1
529205,4
529214,4
529216,1
529224,3
529229,2
529231,2
529237,2
529249,2
529309,3
529332,2
529338,3
529362,3
529406,3
529421,3
529422,4
529424,2
529428,2
529436,3
529488,0
529501,3
529502,4
529510,2
529513,3
529520,0
529566,1
529602,2
529677,1
529678,4
529689,3
529695,3
529704,1
529734,3
529768,3
529781,4
529783,1
529787,3
529801,3
529831,3
529840,1
529845,2
529857,1
529879,3
529887,1
529940,2
529972,0
530004,4
530039,3
530090,2
530118,3
530188,3
530196,1
530199,2
530213,2
530223,2
530240,2
530277,3
530278,3
530282,3
530298,2
530315,2
530322,2
530329,1
530365,2
530371,2
530374,2
530379,1
530383,4
530385,2
530421,3
530427,2
530463,3
530468,3
530514,4
530543,3
530563,3
530579,3
530581,1
530585,3
530592,3
530599,1
530607,4
530625,2
530627,2
530645,3
530649,3
530656,2
530665,2
530666,4
530667,3
530687,3
530719,3
530720,2
530724,3
530739,1
530743,2
530754,3
530773,2
530775,2
530797,2
530801,2
530810,2
530811,0
530833,4
530869,1
530881,3
530906,1
530949,0
530950,4
530978,3
531006,2
531009,3
531016,3
531020,3
531027,4
531031,0
531054,3
531073,4
531094,0
531109,3
531143,3
531144,0
531158,3
531198,2
531204,2
531217,3
531253,3
531322,3
531339,2
531344,2
531361,0
531373,4
531386,3
531427,2
531431,3
531447,3
531456,1
531467,3
531471,3
531499,4
531500,1
531511,4
531512,1
531557,3
531562,4
531568,3
531615,1
531625,2
531650,2
531654,2
531663,2
531670,2
531739,3
531744,3
531771,3
531777,1
531789,2
531795,1
531807,2
531824,3
531834,1
531844,1
531847,4
531857,2
531868,2
531884,3
531921,2
531926,4
531931,0
531959,0
531971,2
531987,2
531989,0
531994,2
532063,3
532073,3
532101,1
532106,3
532119,3
532159,4
532215,3
532225,4
532233,0
532258,0
532259,3
532279,1
532312,2
532329,1
532347,2
532361,3
532365,0
532381,2
532387,2
532388,2
532390,3
532410,2
532426,0
532432,1
532433,2
532500,3
532519,2
532535,2
532568,2
532607,3
532622,4
532623,2
532637,1
532650,3
532651,2
532653,3
532656,2
532705,2
532710,1
532711,4
532721,2
532730,2
532742,4
532748,3
532750,0
532810,4
532823,3
532835,2
532843,2
532863,3
532866,3
532901,1
532912,3
532941,2
532989,3
533048,1
533093,2
533117,2
533123,2
533129,3
533155,2
533187,1
533199,4
533211,3
533222,2
533248,2
533251,2
533283,3
533291,3
533302,2
533327,3
533357,3
533378,2
533388,0
533393,1
533396,3
533402,2
533404,2
533411,4
533449,4
533464,2
533490,3
533492,0
533497,3
533518,0
533527,1
533537,2
533542,3
533550,4
533573,2
533575,3
533598,2
533613,2
533617,2
533656,0
533716,2
533742,2
533759,2
533773,3
533782,2
533809,2
533827,4
533846,2
533859,3
533895,2
533908,1
533932,2
533975,2
533985,4
533990,3
534040,2
534045,0
534066,3
534088,2
534105,3
534179,3
534190,2
534246,2
534254,1
534295,0
534333,2
534351,3
534360,3
534378,1
534380,0
534391,2
534445,0
534474,3
534499,1
534564,1
534594,1
534604,0
534607,3
534608,3
534661,1
534688,3
534697,2
534703,2
534742,4
534747,3
534782,3
534793,1
534798,2
534825,1
534840,3
534842,2
534858,2
534895,2
534903,0
534939,2
534948,0
534957,3
534971,4
534986,3
535007,3
535024,2
535035,3
535047,3
535051,3
535060,3
535063,4
535081,3
535099,3
535135,3
535136,4
535149,1
535155,1
535177,4
535189,2
535229,4
535266,0
535311,2
535341,2
535365,2
535398,2
535441,3
535447,3
535459,3
535473,0
535495,2
535502,2
535553,2
535595,0
535600,2
535610,2
535625,3
535637,2
535644,3
535686,2
535701,0
535702,3
535706,1
535734,2
535746,2
535747,1
535791,0
535795,3
535878,3
535879,3
535885,2
535896,4
535905,2
535906,3
535912,3
535942,2
535983,1
535994,1
536000,4
536016,0
536034,2
536035,2
536039,3
536050,4
536058,2
536066,2
536086,2
536099,3
536228,1
536229,1
536241,0
536275,1
536278,0
536313,2
536343,0
536387,3
536431,3
536467,2
536469,1
536474,2
536489,3
536490,2
536532,2
536566,2
536574,3
536594,1
536604,2
536622,3
536641,3
536651,2
536652,3
536656,2
536658,2
536659,3
536672,3
536675,2
536691,3
536695,3
536763,2
536764,3
536782,3
536791,2
536810,3
536843,3
536876,1
536893,2
536951,3
536964,1
536995,0
537038,1
537066,3
537098,4
537121,1
537123,4
537177,2
537181,3
537212,2
537227,1
537289,3
537317,3
537373,3
537393,3
537400,1
537412,3
537413,2
537414,0
537470,4
537481,1
537507,0
537560,3
537580,3
537586,2
537595,3
537659,1
537671,2
537676,3
537688,1
537723,1
537725,4
537748,3
537770,3
537776,1
537795,0
537804,1
537818,0
537819,4
537834,4
537860,1
537861,2
537904,3
537922,2
537926,1
537975,1
538069,0
538074,3
538084,3
538108,2
538112,2
538131,4
538134,0
538139,1
538147,4
538167,4
538188,3
538197,3
538214,2
538216,4
538260,2
538270,2
538274,1
538279,0
538306,2
538319,4
538321,2
538331,3
538349,3
538350,1
538388,3
538426,1
538432,3
538438,2
538441,2
538454,2
538457,2
538458,3
538489,2
538522,3
538529,2
538538,2
538608,3
538638,0
538641,2
538666,4
538677,1
538680,4
538681,0
538691,3
538696,1
538703,0
538714,0
538780,2
538788,2
538814,2
538883,2
538915,3
538944,3
538976,3
539008,2
539010,2
539012,0
539093,2
539105,1
539135,3
539140,2
539146,1
539209,3
539221,3
539243,4
539267,0
539283,2
539300,2
539304,1
539315,2
539317,3
539320,3
539337,2
539338,4
539384,2
539414,2
539426,4
539453,4
539460,2
539510,3
539519,2
539528,0
539542,0
539558,3
539566,0
539611,2
539625,2
539627,2
539637,3
539648,3
539656,1
539669,4
539671,1
539710,3
539729,0
539782,1
539794,3
539855,2
539864,3
539868,4
539883,3
539888,1
539899,0
539912,3
539916,2
539917,3
539919,2
539936,0
539953,2
540014,2
540029,0
540094,2
540138,1
540147,3
540150,4
540180,3
540199,3
540244,3
540252,2
540253,1
540260,4
540302,3
540306,2
540308,1
540319,2
540347,3
540348,2
540413,2
540415,4
540444,3
540455,2
540475,2
540502,3
540527,3
540557,3
540572,3
540580,3
540597,2
540605,1
540614,3
540622,2
540642,1
540653,1
540654,3
540656,3
540664,2
540666,2
540698,2
540708,3
540718,2
540733,3
540777,1
540819,2
540837,1
540863,0
540924,2
540941,0
540973,4
540974,4
541001,4
541034,1
541040,2
541041,1
541047,1
541061,4
541083,0
541084,3
541112,3
541150,2
541162,3
541168,3
541176,4
541216,1
541224,2
541235,3
541240,2
541249,4
541259,3
541262,2
541282,1
541289,3
541326,2
541352,2
541357,3
541382,3
541389,3
541438,2
541454,3
541505,4
541516,2
541540,3
541612,3
541649,3
541672,3
541699,3
541700,2
541734,4
541735,1
541752,3
541764,2
541812,3
541878,2
541901,3
541906,2
541921,0
541923,2
541931,4
541939,3
541967,3
541972,2
541980,1
541998,2
541999,1
542012,4
542015,3
542027,3
542036,4
542056,1
542059,4
542065,2
542080,2
542142,3
542153,2
542189,1
542194,2
542196,1
542208,3
542230,0
542254,2
542270,4
542277,2
542282,3
542303,0
542316,1
542326,2
542334,2
542358,2
542366,2
542383,2
542418,0
542451,2
542471,3
542482,1
542570,1
542585,2
542605,1
542657,3
542658,0
542663,3
542670,0
542706,1
542752,2
542760,3
542767,0
542795,3
542796,3
542805,3
542812,1
542825,3
542843,0
542850,3
542914,2
542918,0
542937,3
542965,1
542976,2
543008,1
543038,4
543052,3
543074,1
543075,1
543081,3
543114,3
543126,0
543165,4
543222,2
543237,2
543240,2
543271,0
543273,3
543304,0
543306,4
543327,3
543339,2
543352,3
543375,3
543385,3
543428,1
543437,2
543476,1
543497,3
543557,2
543559,2
543618,4
543659,3
543660,0
543666,3
543668,3
543671,2
543694,1
543713,2
543716,3
543728,3
543778,3
543810,3
543817,1
543826,2
543885,1
543900,2
543927,4
543928,2
543937,2
543952,3
543968,3
543976,2
544002,2
544008,2
544012,3
544015,1
544043,3
544163,3
544207,3
544254,0
544256,0
544271,1
544367,2
544391,4
544406,2
544414,2
544444,2
544447,2
544449,3
544469,2
544476,1
544480,2
544495,0
544497,1
544513,3
544536,1
544549,3
544595,3
544604,4
544627,3
544640,3
544647,1
544680,3
544683,3
544685,4
544694,2
544698,1
544747,3
544749,1
544818,4
544839,2
544868,2
544926,4
545010,0
545011,3
545012,0
545070,2
545109,2
545115,1
545132,1
545208,1
545209,2
545226,2
545247,1
545249,3
545272,1
545290,3
545300,3
545317,3
545318,2
545327,3
545344,1
545345,1
545360,2
545375,0
545399,1
545404,3
545446,0
545465,1
545510,2
545518,2
545551,3
545577,3
545629,3
545633,4
545634,2
545652,2
545684,0
545736,2
545745,2
545748,2
545755,3
545758,2
545763,4
545770,3
545771,4
545803,2
545805,3
545810,1
545848,1
545865,3
545879,4
545936,2
545939,3
545958,1
545981,3
546008,3
546050,2
546061,3
546064,3
546065,2
546072,3
546121,1
546127,3
546130,2
546131,0
546161,2
546164,1
546190,2
546224,2
546256,3
546280,2
546282,2
546307,3
546334,1
546395,4
546399,1
546419,2
546437,3
546462,1
546470,4
546485,3
546509,2
546529,0
546587,3
546612,1
546648,3
546664,1
546671,1
546679,3
546688,4
546702,2
546728,0
546740,4
546756,0
546774,2
546842,1
546844,3
546847,3
546857,1
546864,2
546867,2
546881,2
546882,0
546884,1
546888,0
546900,2
546964,3
546972,2
547007,3
547037,4
547070,3
547100,2
547130,1
547150,2
547164,1
547175,1
547180,2
547181,0
547201,1
547266,2
547301,0
547320,1
547325,2
547336,1
547342,1
547412,4
547453,2
547458,3
547459,3
547483,2
547512,3
547555,3
547559,3
547568,2
547606,2
547613,2
547617,2
547663,4
547664,3
547761,2
547776,3
547779,2
547792,3
547817,2
547823,3
547825,4
547836,2
547857,1
547862,3
547878,2
547911,2
547938,0
547951,3
547966,0
547997,1
548006,2
548022,3
548032,2
548037,2
548040,2
548093,1
548109,3
548113,3
548120,2
548185,1
548189,0
548190,2
548193,2
548222,0
548228,1
548230,2
548256,2
548258,3
548272,2
548307,2
548310,1
548391,1
548408,3
548422,3
548434,0
548448,2
548474,2
548488,2
548490,2
548504,3
548560,1
548568,3
548587,2
548635,3
548651,3
548653,3
548672,4
548708,2
548743,4
548853,2
548859,4
548872,1
548961,2
548967,3
548978,3
548988,3
548990,2
549058,0
549115,1
549116,2
549121,2
549141,1
549152,2
549154,3
549190,1
549202,3
549235,1
549251,2
549274,1
549281,3
549290,1
549292,2
549303,2
549313,2
549320,4
549357,2
549359,2
549361,3
549367,3
549377,2
549389,1
549390,2
549466,4
549472,1
549482,3
549515,3
549569,2
549572,3
549579,1
549580,3
549584,4
549611,3
549623,3
549631,4
549710,3
549714,2
549733,0
549746,3
549764,2
549777,1
549797,3
549800,2
549850,3
549894,1
549938,2
549988,1
549992,2
550017,3
550019,3
550028,1
550068,3
550071,3
550077,2
550105,2
550110,2
550134,2
550193,1
550200,4
550202,3
550221,2
550222,2
550229,2
550233,4
550298,1
550300,3
550317,2
550400,2
550421,1
550426,3
550442,2
550455,2
550459,3
550460,3
550506,0
550514,1
550572,0
550579,3
550599,2
550627,0
550703,1
550711,1
550752,2
550754,2
550796,0
550804,1
550805,3
550868,1
550871,2
550887,4
550904,3
550973,3
550985,0
551023,2
551032,2
551042,3
551051,1
551088,3
551116,2
551166,2
551217,3
551237,2
551241,2
551278,2
551282,3
551331,2
551340,0
551359,3
551430,0
551448,2
551468,3
551473,1
551486,0
551488,1
551549,2
551560,1
551567,3
551576,1
551600,0
551615,2
551620,2
551627,2
551662,1
551665,3
551681,0
551685,1
551718,0
551729,1
551804,3
551834,4
551847,2
551890,3
551914,2
551935,1
551963,3
551967,0
551978,2
551990,2
552036,0
552088,2
552172,2
552192,3
552209,0
552303,3
552313,3
552314,2
552345,2
552348,3
552363,2
552364,1
552366,0
552372,2
552384,4
552414,3
552432,3
552440,2
552473,2
552487,2
552506,1
552532,0
552535,3
552558,2
552573,0
552597,0
552598,2
552613,3
552623,0
552642,4
552643,2
552649,2
552653,2
552661,2
552726,1
552732,4
552734,3
552760,2
552763,2
552775,2
552809,3
552861,4
552904,3
552929,3
552944,0
552945,3
553017,3
553139,3
553151,3
553208,1
553219,3
553220,2
553231,2
553245,1
553339,3
553361,3
553456,0
553533,1
553559,2
553568,3
553607,4
553645,3
553664,4
553704,0
553743,1
553751,4
553754,2
553773,2
553783,1
553791,2
553805,2
553876,2
553901,0
553904,0
553938,2
553943,3
553955,3
553967,2
553984,1
553985,2
554026,3
554079,3
554141,3
554155,4
554163,3
554175,2
554202,4
554213,2
554217,0
554269,2
554284,2
554289,1
554413,3
554444,2
554507,2
554532,4
554560,1
554609,2
554632,1
554670,2
554681,1
554724,1
554753,3
554801,0
554853,4
554885,3
554922,1
554956,3
554961,2
555058,2
555083,2
555108,2
555135,3
555147,1
555151,3
555180,2
555186,3
555191,2
555193,2
555203,1
555206,3
555250,1
555257,2
555275,2
555277,1
555299,1
555301,3
555310,3
555326,2
555334,0
555428,0
555478,4
555484,3
555492,2
555499,3
555521,2
555563,3
555587,3
555600,2
555648,3
555698,2
555710,0
555751,4
555770,3
555782,2
555784,2
555796,3
555850,2
555852,3
555894,3
555934,2
555990,1
555997,3
556015,4
556019,2
556043,1
556052,2
556067,3
556111,4
556119,2
556127,4
556138,3
556214,4
556215,2
556268,2
556274,0
556314,0
556347,3
556391,1
556533,2
556579,2
556621,1
556622,3
556623,2
556647,2
556673,2
556714,2
556744,3
556824,4
556827,2
556830,2
556841,2
556887,3
556900,1
556904,2
556906,2
557005,3
557033,4
557036,2
557055,0
557107,3
557108,1
557118,3
557134,3
557236,3
557262,4
557282,2
557298,2
557307,1
557314,3
557343,1
557402,1
557449,1
557476,2
557492,1
557496,1
557508,3
557525,4
557562,3
557569,1
557643,2
557672,2
557692,0
557726,2
557762,1
557794,3
557799,1
557815,4
557834,2
557851,3
557875,2
557876,4
557887,2
557921,3
557932,3
557956,2
557957,2
557963,2
557986,2
558018,2
558019,2
558081,2
558114,2
558138,3
558147,1
558202,0
558204,4
558251,2
558270,3
558277,3
558294,2
558300,2
558362,4
558388,3
558394,4
558395,1
558437,1
558466,4
558489,2
558506,2
558513,2
558651,2
558659,1
558682,4
558774,2
558786,4
558838,3
558920,3
558966,2
558987,2
558988,4
559068,2
559071,2
559093,3
559094,1
559107,3
559112,2
559146,2
559148,3
559164,1
559176,2
559194,4
559211,3
559226,1
559228,1
559266,1
559277,3
559324,2
559345,1
559368,4
559407,3
559432,0
559441,4
559464,2
559468,2
559469,3
559473,2
559520,1
559537,0
559547,1
559695,2
559712,2
559758,1
559772,3
559775,4
559782,3
559787,3
559794,3
559834,2
559846,1
559863,2
559901,3
559918,2
559936,2
559981,3
559995,0
560015,1
560035,2
560065,3
560078,2
560085,3
560090,2
560125,0
560175,2
560195,3
560213,2
560245,0
560257,1
560273,4
560291,2
560341,2
560362,3
560367,3
560374,3
560468,2
560478,2
560497,1
560508,1
560511,3
560519,2
560529,1
560627,4
560672,4
560733,3
560739,2
560747,3
560796,2
560803,3
560854,3
560870,2
560888,2
560897,4
560915,1
560929,2
560949,0
560978,0
560991,3
561013,2
561031,3
561033,3
561037,2
561054,3
561201,0
561243,3
561326,2
561331,2
561339,2
561353,3
561367,2
561386,3
561503,3
561519,1
561642,3
561652,4
561653,3
561665,0
561687,4
561699,1
561707,2
561710,4
561798,2
561837,2
561846,2
561864,2
561896,1
561908,2
561945,1
561950,3
561992,4
561994,2
562010,3
562032,1
562042,2
562108,3
562148,3
562161,0
562192,2
562209,2
562238,1
562275,3
562283,1
562315,2
562334,3
562338,2
562362,2
562398,3
562416,2
562417,2
562428,2
562490,0
562529,3
562576,0
562585,1
562587,1
562612,2
562641,1
562648,2
562708,3
562814,1
562832,3
562843,3
562869,3
562886,3
562894,2
563012,1
563021,1
563052,1
563059,3
563100,2
563148,2
563162,2
563165,2
563201,0
563221,3
563253,4
563254,4
563266,2
563315,2
563335,1
563340,2
563342,0
563343,2
563375,0
563410,2
563425,4
563482,2
563483,3
563489,3
563507,3
563544,2
563588,4
563592,0
563598,2
563691,1
563711,2
563731,3
563735,3
563736,0
563740,4
563773,2
563787,3
563853,2
563882,0
563896,2
563956,4
563974,1
563995,0
564052,2
564100,3
564112,4
564182,3
564204,3
564219,3
564234,2
564252,2
564258,0
564306,3
564312,3
564364,0
564377,4
564430,3
564495,2
564517,3
564534,2
564588,1
564593,2
564596,3
564604,2
564606,0
564616,2
564620,2
564699,3
564713,0
564736,3
564737,0
564792,2
564842,2
564854,2
564962,3
565070,2
565109,3
565114,3
565131,2
565212,3
565251,2
565265,3
565275,2
565280,0
565294,3
565301,3
565348,1
565365,1
565377,3
565387,0
565419,2
565459,2
565460,4
565464,4
565467,2
565510,2
565514,3
565565,2
565573,3
565582,2
565718,3
565755,1
565764,1
565768,3
565791,2
565826,1
565827,2
565841,2
565902,2
565910,2
565912,2
565915,0
565935,2
565949,3
566008,3
566032,3
566059,4
566061,2
566096,3
566152,3
566173,2
566174,2
566196,4
566275,2
566279,1
566312,2
566336,3
566338,1
566366,2
566424,2
566432,3
566455,3
566489,2
566547,2
566614,4
566625,3
566626,1
566650,2
566682,2
566702,4
566726,2
566735,3
566762,3
566770,0
566787,2
566815,3
566861,3
566875,3
566881,3
566953,2
566964,2
566992,3
566996,1
566998,4
566999,2
567052,1
567061,1
567172,2
567195,4
567211,4
567219,4
567243,1
567256,3
567342,1
567431,1
567432,3
567448,2
567458,1
567478,0
567518,2
567547,0
567548,4
567558,2
567563,2
567589,1
567643,0
567651,3
567682,2
567778,3
567849,3
567885,2
567906,4
567950,2
567961,2
568004,2
568013,4
568060,3
568064,2
568078,2
568086,1
568093,2
568101,3
568105,3
568121,0
568155,1
568167,3
568182,2
568258,1
568325,1
568371,1
568385,3
568416,0
568463,2
568486,3
568513,1
568602,2
568605,1
568641,1
568696,2
568713,3
568716,3
568773,3
568790,2
568931,4
568970,2
568984,1
569031,0
569082,2
569150,3
569170,3
569180,2
569203,1
569236,3
569239,0
569243,2
569300,4
569335,1
569342,4
569364,2
569458,4
569466,2
569472,2
569530,2
569534,3
569572,3
569733,3
569754,3
569779,2
569788,2
569792,3
569817,2
569829,3
569832,1
569863,3
569883,4
569920,2
569923,1
570021,2
570076,1
570144,3
570162,3
570215,2
570219,3
570224,2
570226,3
570279,1
570291,2
570330,2
570346,3
570369,3
570418,4
570436,4
570439,2
570600,0
570601,2
570625,0
570626,3
570631,1
570639,2
570654,1
570666,2
570683,3
570692,2
570693,4
570697,1
570713,4
570746,2
570750,1
570782,3
570821,2
570829,0
570837,3
570862,1
570928,0
570930,1
570945,4
570961,0
570988,1
571001,1
571015,3
571084,3
571200,3
571233,1
571243,2
571251,1
571300,2
571348,2
571363,2
571429,2
571454,2
571523,2
571525,3
571553,3
571560,2
571561,1
571566,3
571580,0
571610,1
571637,2
571639,2
571643,2
571819,2
571864,2
571876,0
571888,2
571913,2
571940,1
572106,4
572133,1
572154,1
572176,1
572290,3
572396,4
572428,4
572479,3
572489,2
572502,4
572529,2
572538,2
572554,3
572578,2
572591,0
572609,4
572632,4
572669,2
572728,3
572744,3
572826,4
572898,2
572908,3
572992,3
573010,2
573011,0
573040,2
573086,4
573122,3
573147,3
573153,2
573189,4
573191,2
573237,1
573244,3
573249,2
573291,3
573365,1
573373,2
573378,3
573379,3
573420,3
573427,3
573493,2
573518,2
573564,3
573584,1
573588,3
573621,3
573648,2
573670,3
573698,2
573704,3
573719,1
573720,2
573792,1
573807,2
573841,2
573922,2
573931,2
573939,3
573946,2
573988,2
574003,2
574071,3
574104,3
574116,1
574134,2
574150,2
574206,2
574279,2
574409,2
574419,2
574440,2
574465,4
574467,3
574489,2
574493,2
574513,3
574603,3
574625,3
574680,2
574794,2
574840,2
574885,1
574909,2
574987,1
575051,3
575055,3
575092,1
575131,4
575208,0
575233,2
575253,2
575299,2
575419,3
575433,2
575459,3
575500,2
575528,2
575554,2
575561,2
575576,4
575677,3
575711,2
575756,2
575774,2
575809,2
575823,0
575868,2
575908,4
575923,0
575971,3
576040,2
576103,2
576136,2
576159,1
576169,3
576231,2
576272,3
576357,2
576366,2
576369,1
576370,2
576373,3
576541,0
576612,3
576663,1
576677,2
576691,3
576712,1
576833,3
576846,1
576849,4
576879,1
576945,1
576962,0
576966,2
576985,3
577007,2
577044,4
577046,1
577074,3
577089,2
577115,3
577145,3
577180,3
577208,2
577215,1
577216,3
577225,4
577255,0
577287,2
577356,1
577386,0
577410,3
577534,0
577539,2
577541,4
577598,2
577617,3
577625,4
577626,3
577638,3
577667,1
577682,1
577851,4
577915,3
577921,1
577930,3
577944,1
577984,2
578058,1
578088,2
578120,2
578164,4
578396,2
578459,2
578488,2
578503,2
578511,0
578549,3
578607,3
578824,3
578872,2
578886,0
578892,3
578929,2
578938,3
578947,3
578993,2
579021,1
579065,3
579230,1
579275,3
579307,3
579323,4
579404,3
579547,2
579589,3
579707,2
579714,1
579792,3
579804,2
579829,2
579846,1
579950,3
579999,1
580077,2
580211,3
580212,3
580402,3
580460,2
580515,0
580578,3
580611,3
580626,0
580658,2
580895,1
580902,2
580944,2
580971,4
581005,3
581085,2
581086,0
581091,3
581111,3
581120,2
581239,2
581269,3
581307,2
581343,4
581365,1
581385,1
581388,1
581409,2
581412,4
581438,0
581461,1
581491,2
581527,3
581577,4
581666,4
581685,1
581721,3
581770,4
581835,3
581858,2
581901,3
582011,3
582038,0
582227,3
582254,3
582319,3
582320,2
582326,3
582333,3
582343,2
582446,2
582482,2
582484,4
582577,2
582636,4
582664,1
582723,3
582768,3
582785,3
582796,1
582801,4
582828,2
582833,0
582979,3
582995,3
583016,1
583023,2
583038,2
583052,3
583070,2
583087,2
583120,2
583134,1
583200,2
583297,3
583335,4
583336,2
583342,1
583446,3
583454,1
583483,1
583486,3
583490,1
583499,0
583526,2
583612,0
583623,1
583664,2
583759,2
583764,0
583931,2
583976,2
584001,0
584012,2
584030,3
584034,2
584115,2
584134,2
584185,1
584241,1
584247,2
584288,3
584423,2
584459,2
584525,3
584530,3
584531,4
584537,3
584549,2
584591,4
584666,3
584787,1
584843,2
584844,2
584875,2
584912,3
584977,4
584998,3
585187,2
585248,1
585310,2
585492,1
585583,2
585585,3
585595,0
585650,2
585717,2
585722,2
585745,3
585768,1
585832,2
585882,2
585915,2
585946,2
585965,2
585986,1
586006,4
586038,3
586063,0
586077,4
586096,3
586122,2
586124,4
586192,2
586251,2
586270,2
586272,4
586312,4
586344,1
586384,3
586471,1
586631,2
586637,3
586644,2
586656,1
586672,3
586701,4
586732,3
586762,2
586774,2
586803,1
586811,3
586820,3
586850,3
586876,3
586887,3
586936,0
586953,3
587134,1
587195,1
587234,2
587304,4
587313,2
587373,3
587459,3
587470,4
587483,3
587538,2
587577,2
587675,1
587698,1
587753,1
587754,2
587802,2
587810,2
587899,2
588013,1
588048,2
588103,3
588313,1
588355,0
588370,3
588386,0
588391,4
588414,0
588497,1
588507,0
588582,0
588677,4
588732,2
588797,0
588820,3
588893,4
588919,2
588970,2
589121,2
589140,1
589154,3
589162,2
589164,3
589171,1
589228,2
589259,2
589306,3
589311,2
589404,2
589405,2
589414,1
589489,3
589539,1
589630,3
589650,2
589758,3
589775,2
589812,1
589868,2
589884,4
589977,3
589995,4
590014,1
590040,3
590077,2
590095,1
590103,4
590123,0
590130,2
590163,3
590202,3
590227,0
590230,2
590379,3
590394,2
590397,1
590400,3
590404,3
590412,4
590420,3
590429,2
590434,2
590442,3
590468,4
590471,0
590473,2
590558,2
590659,1
590697,0
590744,1
590829,4
590843,1
590905,3
590922,2
590954,2
590967,3
590981,2
591003,3
591063,2
591097,3
591155,4
591255,1
591381,1
591433,3
591478,1
591582,4
591593,0
591599,2
591714,3
591746,2
591835,1
591888,3
592035,0
592082,2
592132,2
592158,4
592221,0
592366,2
592371,3
592372,0
592399,3
592403,1
592445,0
592491,3
592598,3
592707,1
592792,2
592833,2
592886,4
592929,2
592958,1
593020,2
593244,4
593350,3
593385,3
593386,2
593401,2
593494,2
593536,3
593632,3
593672,0
593719,1
593786,2
593804,1
593910,2
594000,1
594027,2
594042,3
594103,2
594123,2
594146,1
594188,0
594238,2
594240,1
594406,3
594410,0
594446,0
594449,1
594503,2
594601,1
594644,4
594695,3
594737,4
594824,2
594875,1
594892,2
594914,2
594948,1
594985,2
595026,2
595087,3
595122,0
595123,2
595126,0
595171,4
595183,4
595184,3
595257,3
595283,1
595284,3
595386,3
595414,4
595431,2
595442,3
595527,0
595587,3
595624,4
595626,3
595740,2
595852,4
595861,1
595897,1
595958,2
596103,2
596153,3
596186,2
596220,2
596222,4
596320,0
596335,2
596349,1
596361,2
596409,2
596442,1
596505,3
596732,2
596820,4
596856,2
596863,2
597003,2
597010,3
597029,3
597300,2
597410,2
597434,2
597498,3
597510,2
597734,2
597836,2
597878,2
597946,2
597954,3
598069,2
598075,2
598185,0
598233,3
598265,3
598276,2
598306,0
598526,1
598533,2
598590,3
598687,2
598691,2
598692,2
598715,2
598832,1
598881,3
598911,3
598945,1
599065,2
599239,2
599244,1
599311,2
599335,2
599348,3
599437,3
599454,4
599649,0
599657,1
599765,1
599833,3
599927,3
600011,4
600018,3
600057,1
600078,2
600163,1
600265,1
600287,2
600304,2
600351,2
600395,3
600444,3
600515,2
600561,2
600605,4
600648,3
600690,3
600750,4
600796,1
600833,1
600842,2
600886,3
600926,4
600930,2
601104,2
601116,2
601158,4
601282,4
601582,2
601673,3
601882,2
601894,2
601917,3
602120,3
602190,2
602323,0
602433,2
602476,3
602478,1
602598,3
602656,2
602748,0
602769,3
602793,2
602827,3
602918,2
602921,1
602925,3
602946,3
602953,4
602962,2
603053,4
603100,1
603160,3
603278,4
603296,2
603345,2
603440,2
603515,2
603592,2
603635,2
603715,2
603809,2
603875,4
603883,2
604136,2
604355,2
604388,1
604592,1
604617,2
604688,2
604804,2
604840,0
604982,2
605004,2
605096,4
605136,1
605311,2
605439,4
605494,4
605558,3
605578,1
605607,1
605615,2
605619,2
605776,3
605780,2
605878,4
605943,0
605945,3
606041,2
606060,4
606094,3
606161,2
606283,1
606290,3
606333,3
606362,1
606568,2
606635,4
606648,3
606762,2
606862,2
606930,3
607017,3
607028,3
607152,3
607270,1
607280,1
607350,2
607524,1
607626,1
607706,2
607799,1
607931,2
607949,2
607998,4
608039,2
608086,2
608287,3
608296,3
608343,2
608478,2
608520,3
608521,2
608629,3
608725,2
608727,3
608764,2
608820,0
608823,0
608860,2
608866,1
608970,1
609051,0
609102,1
609167,3
609221,1
609228,4
609230,4
609236,3
609240,2
609243,2
609262,3
609393,2
609413,2
609673,2
609720,2
609763,1
609800,2
609817,3
609868,3
610144,3
610226,1
610280,1
610294,2
610306,3
610338,1
610395,2
610474,2
610482,3
610492,1
610670,2
610763,2
610793,2
610806,3
610909,2
611065,3
611087,2
611126,0
611177,0
611251,4
611350,1
611371,3
611583,2
611839,3
611852,2
611887,2
611954,3
612002,4
612128,2
612175,2
612220,2
612236,2
612562,0
612685,4
612797,1
612812,1
613164,2
613275,2
613383,0
613442,3
613655,2
613874,3
613921,1
613941,0
614033,0
614092,1
614111,2
614165,3
614311,2
614412,2
614549,0
614632,2
614668,4
614748,2
614793,1
614814,1
614828,2
614918,3
614933,2
615006,1
615266,3
615307,1
615489,0
615544,1
615674,1
615749,3
615783,1
615922,2
616125,0
616222,0
616461,2
616470,2
616491,4
616518,2
616692,1
616715,1
616718,4
616752,2
616789,0
616795,3
616802,2
616950,1
616992,2
617052,2
617125,2
617199,3
617402,0
617407,0
617458,2
617506,0
617743,2
617878,3
617964,1
617994,2
618063,2
618088,0
618157,2
618181,2
618201,0
618266,2
618308,4
618343,1
618392,2
618418,3
618429,2
618535,0
618642,2
618664,1
618759,2
618780,2
618815,1
618881,0
619079,4
619109,1
619218,1
619321,3
619362,3
619432,3
619520,2
619615,3
619918,2
619971,1
619983,1
620274,2
620300,2
620382,2
620394,2
620453,0
620690,2
620719,1
620884,2
620972,2
620991,2
621072,1
621081,2
621085,1
621291,3
621607,2
621665,3
621811,4
621849,2
621922,1
622149,1
622248,3
622293,0
622343,2
622418,2
622464,2
622708,3
622813,3
623043,3
623077,3
623087,2
623142,0
623691,1
623750,2
623815,2
623850,3
623935,0
623941,3
623949,2
623972,2
624198,2
624215,3
624258,1
624497,0
624593,4
624636,2
624762,2
624913,4
625030,3
625089,3
625398,2
625400,4
625555,1
625597,2
625703,2
625984,2
626318,2
626329,1
626519,2
626520,2
626587,1
626645,0
626986,3
627041,4
627158,2
627176,2
627436,2
627451,2
627518,4
627617,2
627889,2
627893,4
627972,2
628023,2
628033,3
628570,3
628653,4
628671,2
628694,2
628752,4
628762,1
629345,1
629647,2
629701,3
629725,2
629803,2
629877,2
629952,4
630039,1
630097,4
630176,4
630178,1
630267,2
630609,3
630694,2
630738,2
630992,1
631174,0
631201,2
631319,2
631388,0
631448,1
631477,1
631787,2
631970,2
631975,1
631993,2
632136,2
632239,1
632316,2
632425,0
632461,1
632475,1
632631,2
632665,1
632749,4
632965,3
632988,2
633183,2
633195,2
633235,1
633314,2
633406,2
633725,3
634130,3
634795,2
634824,2
635249,2
635300,3
635303,0
635375,1
635442,3
635576,3
635587,2
635790,3
635861,1
635949,3
636078,4
636102,3
636251,1
636520,0
636524,3
636526,1
636739,1
636873,3
636874,2
636966,0
637075,1
637086,3
637421,2
637457,2
637633,4
637687,3
638140,0
638162,3
638565,2
638576,2
638580,1
638598,1
638874,2
639009,2
639168,2
639458,2
639510,2
639554,2
639571,2
639894,4
640580,2
640649,2
640689,2
640715,3
640849,3
640867,2
640968,2
641012,4
641102,0
641106,2
641310,1
641364,3
641529,1
641537,2
642344,3
642364,1
642553,2
642578,2
642679,3
642786,2
642820,2
643344,2
643359,1
643469,4
643645,3
643714,2
643929,0
644467,0
644784,1
644870,3
645022,1
645047,2
645168,0
645415,2
645664,1
645685,3
645933,4
646257,1
646259,1
646405,4
646424,0
646455,3
646933,0
646937,0
647016,1
647555,1
647597,0
647638,1
647662,2
647674,3
647804,0
647862,1
648379,1
648852,2
648983,3
648990,4
649080,2
649081,3
649208,4
649378,3
650049,0
650055,2
650079,2
650901,3
651018,1
651030,2
651193,0
651201,3
651269,3
651390,1
651491,3
651613,3
651675,2
651744,2
651805,2
651818,2
651828,0
651941,1
652040,2
652359,2
652416,4
652527,1
652737,0
653281,3
653332,1
653640,0
653724,3
653838,2
653852,1
654233,3
654259,3
654395,2
654687,2
654913,2
655051,1
655300,4
655499,0
656150,1
656346,2
656422,0
656471,0
656560,1
656708,4
656873,2
656920,4
657122,2
657591,3
657629,3
657796,1
658234,1
658528,1
658774,1
659128,3
659161,3
659162,3
659664,3
659744,3
659832,3
660110,4
661614,1
661639,1
661697,0
661930,1
662010,3
662535,1
662596,2
663017,3
663376,1
663565,3
664084,1
664119,1
664401,4
664405,4
664617,3
664663,3
664998,0
665329,3
665397,2
665505,3
665593,2
665676,1
665746,0
665887,3
665892,3
666049,0
666174,4
666718,2
667536,2
667718,2
667916,2
667929,1
667981,4
668083,1
668172,2
668677,2
668776,2
669140,2
669155,1
669329,0
669348,2
669356,1
669449,2
670471,2
670626,3
670971,1
671066,1
671151,2
671367,3
671368,1
671975,2
672009,0
672112,3
672468,3
673076,1
673286,1
673874,1
674375,2
675053,2
675201,3
675594,4
676373,2
676570,0
676707,0
676762,3
677209,1
677896,2
678536,1
678547,2
678888,0
679040,4
679047,2
679066,2
679442,0
679611,3
680424,2
680735,0
681050,2
681581,2
681720,3
682005,1
682247,2
683014,2
683663,1
683976,1
683978,2
684510,2
684521,2
684543,2
684764,1
684806,3
685594,1
685604,1
686165,3
686408,3
686445,1
686509,2
686920,2
688600,0
689037,2
689374,1
689456,1
689624,2
689984,2
690420,2
690422,2
691334,2
691546,3
692510,2
693301,4
693729,2
693765,3
695011,2
695094,1
695132,2
695307,2
695557,3
696475,3
697072,2
698291,2
698573,3
699040,1
699411,2
700028,2
700237,4
700289,1
700666,1
701565,4
702595,2
702877,0
703333,1
704652,4
704870,2
705215,3
705310,4
707260,2
707525,0
708887,1
710489,2
711391,3
713557,2
714166,1
714420,2
714504,2
714565,3
715059,2
716337,2
716801,1
717149,1
717546,2
720819,1
720860,3
721496,2
721552,1
721570,1
722828,2
722939,1
724581,3
726953,3
727886,4
728820,1
730639,1
732729,3
734565,0
735029,2
736075,2
736833,1
739518,2
739734,1
741773,1
741902,1
742639,0
745292,1
750982,4
751545,4
752933,1
756030,4
756434,2
757930,3
760304,4
760793,2
763129,1
763792,1
765745,2
767426,3
768291,0
774666,2
777366,1
777846,2
780167,4
785107,3
785186,2
792549,2
796032,2
801660,2
811077,1
